Name,Handle,Media URL,Retweets,Likes,Comments,Views,Tweet URL,Profile Link,Post Body,Date,Timestamp
Robin Monotti,@robinmonotti,"https://pbs.twimg.com/media/F5iLwwcXIAAe64C?format=jpg&name=900x900, https://pbs.twimg.com/media/F5iLwwcXIAAe64C?format=jpg&name=900x900",10K,21K,501,2.5M,https://x.com/robinmonotti/status/1700262536921088462,https://x.com/robinmonotti,"PHYSICS NOBEL PRIZE 2022
SIGNS CLIMATE DECLARATION:
THERE IS NO CLIMATE EMERGENCY ‚Äê CLAUSER & a global network of over 1,609 scientists and professionals has prepared this urgent message:

Natural as well as anthropogenic factors cause warming

The geological archive reveals that",09-Aug-23,2023-09-08T21:39:12.000Z
Robin Monotti,@robinmonotti,"https://pbs.twimg.com/media/F85HJgLW8AAy66l?format=jpg&name=900x900, https://pbs.twimg.com/media/F85HJgLW8AAy66l?format=jpg&name=900x900",1.9K,3K,60,153K,https://x.com/robinmonotti/status/1715386742931341745,https://x.com/robinmonotti,"PHYSICS NOBEL PRIZE 2022
SIGNED CLIMATE DECLARATION:
THERE IS NO CLIMATE EMERGENCY ‚Äê CLAUSER & a global network of over 1,609 scientists and professionals has prepared this urgent message:

Natural as well as anthropogenic factors cause warming

The geological archive reveals",20-Oct-23,2023-10-20T15:17:24.000Z
UN Environment Programme,@UNEP,"https://pbs.twimg.com/amplify_video_thumb/1158997751687995392/img/2b3rXSrJVoMMgKHi.jpg, https://pbs.twimg.com/amplify_video_thumb/1158997751687995392/img/2b3rXSrJVoMMgKHi.jpg, https://pbs.twimg.com/amplify_video_thumb/1158997751687995392/img/2b3rXSrJVoMMgKHi.jpg",1.2K,1.8K,37,150K,https://x.com/UNEP/status/1160415586129780736,https://x.com/UNEP,"Climate change has ripple effects. Some of the most devastating chain reactions to climate change are:
Extreme weather
Loss of biodiversity
Rising sea-levels 
Extreme heat and drought

We need to #ActNow 
#ClimateAction",08-Nov-19,2019-08-11T05:00:09.000Z
UN Climate Change,@UNFCCC,"https://pbs.twimg.com/media/D6nwn3cXoAAX1U4.jpg, https://pbs.twimg.com/media/D6nwn3cXoAAX1U4.jpg, https://pbs.twimg.com/media/D6nwn3cXoAAX1U4.jpg",243,227,9,100,https://x.com/UNFCCC/status/1130080661753147392,https://x.com/UNFCCC,"Accelerating #ClimateChange impacts mean that farmers around the world need to adopt ""disaster resilient"" farming practices in order to grow adequate #Food for growing populations http://bit.ly/2Hmc37L 

91% of all disasters between 1998 & 2017 were #climate-related. #GAR2019",19-May-19,2019-05-19T12:00:00.000Z
Alex Epstein,@AlexEpstein,"https://pbs.twimg.com/media/GIKmEwZbgAAQ207?format=jpg&name=small, https://pbs.twimg.com/media/GIKmEwZbgAAQ207?format=jpg&name=small",119,390,11,29K,https://x.com/AlexEpstein/status/1766156613839401047,https://x.com/AlexEpstein,"It's an irrefutable but little-known fact that as the world has warmed 1¬∞ C, humans have become safer than ever from climate danger. The rate of climate-related disaster deaths‚Äîfrom storms, floods, temperature extremes, wildfires, and drought‚Äîhas fallen 98% in the last century.",03-Aug-24,2024-03-08T17:38:44.000Z
Geospatial World,@geoworldmedia,,145.5,1,15,219,https://x.com/geoworldmedia/status/1833843869974253707,https://x.com/geoworldmedia,"https://geospatialworld.net/videos/fostering-climate-and-social-resilience/‚Ä¶

#GWPrimeLive | In a deep-dive discussion with Dr. @KattumuriRuth, Senior Director Economic, Youth & Sustainable Development Directorate, The @commonwealthsec shares her valuable insights on the intersection between climate change, socio-economic",09-Nov-24,2024-09-11T12:23:44.000Z
Michael Shellenberger,@shellenberger,"https://pbs.twimg.com/media/EoCZWHzUUAA-iWR?format=jpg&name=small, https://pbs.twimg.com/media/EoCZWHzUUAA-iWR?format=jpg&name=small",172,745,11,1K,https://x.com/shellenberger/status/1333234568225144832,https://x.com/shellenberger,"We are more resilient than ever:

- Deaths from natural disasters declined over 90%

- We produce 25% more food than we need ‚Äî our largest surpluses in history

And there is no scientific scenario for either of those trends to reverse themselves, even with high levels of warming",30-Nov-20,2020-11-30T02:21:06.000Z
"Houman David Hemmati, MD, PhD",@houmanhemmati,"https://pbs.twimg.com/media/GO7hNlya4AA9wOU?format=jpg&name=small, https://pbs.twimg.com/media/GO7hNlya4AA9wOU?format=jpg&name=small",118,317,37,10K,https://x.com/houmanhemmati/status/1796620929063420306,https://x.com/houmanhemmati,"Hey @GavinNewsom: While I have long called for more water storage & applaud any reasonable effort to build it, you quote the secretary who talks about ‚Äúsevere, climate-fueled droughts.‚Äù 2 things:

1. The drought is over. See below. Most reservoirs are full. 

2. Droughts are",31-May-24,2024-05-31T19:13:03.000Z
UN Climate Change,@UNFCCC,"https://pbs.twimg.com/media/DpO-xAwXcAEsZDt?format=jpg&name=small, https://pbs.twimg.com/media/DpO-xAwXcAEsZDt?format=jpg&name=small",272,262,12,2K,https://x.com/UNFCCC/status/1051566311522922496,https://x.com/UNFCCC,"A report by the @UN Office for Disaster Risk Reduction shows that economic losses from climate-related disasters are soaring. https://bit.ly/2IPD5DM As #ClimateChange increases the frequency & severity of weather extremes, low-income countries are hit hardest & need to prepare.",15-Oct-18,2018-10-14T20:12:00.000Z
UN Climate Change,@UNFCCC,"https://pbs.twimg.com/media/DpO-xAwXcAEsZDt?format=jpg&name=small, https://pbs.twimg.com/media/DpO-xAwXcAEsZDt?format=jpg&name=small",224,163,10,167,https://x.com/UNFCCC/status/1050394382497710080,https://x.com/UNFCCC,"6/21. On the ‚ÄúPreamble and Context‚Äù we heard the following key points from Parties on #LossAndDamage:

The group SUR highlighted that the paper needs to recognise developing countries needs and priorities, including bettering their ability to address #LossAndDamage, whilst the",10-Nov-18,2018-10-11T14:35:10.000Z
Loss and Damage Collaboration (L&DC),@LossandDamage,https://pbs.twimg.com/media/GXECVlybEAIjX3s?format=jpg&name=small,160,4,1,267,https://x.com/LossandDamage/status/1833251234155008112,https://x.com/LossandDamage,"Accross the world has warmed 1 degree C, humans have become safer than ever from climate danger. The rate of climate-related disaster death's from storms, floods, temperature extremes, wildfires, and drought‚Äîhas fallen 98% in the last century.‚Äù
https://energytalkingpoints.com/what-should-government-do-to-address-climate-change/‚Ä¶",09-Sep-24,2024-09-09T21:08:49.000Z
Alex Epstein,@AlexEpstein,"https://pbs.twimg.com/media/GJ2ZTdKWoAExkOY?format=jpg&name=small, https://pbs.twimg.com/media/GJ2ZTdKWoAExkOY?format=jpg&name=small",96,218,5,5.8K,https://x.com/AlexEpstein/status/1773742389691142298,https://x.com/AlexEpstein,Have you heard about the catastrophic wildfires in California? Hundreds of thousands displaced by flood in Sudan? The unrelenting heat in Brazil? The 70% of the world's population expected to suffer rapid increase in extreme weather in the next twenty years?,29-Mar-24,2024-03-29T16:01:54.000Z
Georgina Woods,@georgefwoods,,2,7,2,227,https://x.com/georgefwoods/status/1833700671826358305,https://x.com/georgefwoods,"Most of the disasters that afflict humanity are in some way tied to water.

As water bodies face mounting pressure from the triple planetary crisis, experts now push for more countries to invest in multi-hazard early warning systems as a way to adapt to extreme weather.",09-Nov-24,2024-09-11T02:54:43.000Z
UN Environment Programme,@UNEP,,156,292,74,19K,https://x.com/UNEP/status/1688475065376239617,https://x.com/UNEP,"Climate Change and Intersectionality: Why it Matters

We are all facing the same storm but in different boats. 

Intersectionality refers to the interconnectedness of things. When we talk about climate change, it is more than statistics or data points; it is about people. In",08-Jul-23,2023-08-07T09:00:00.000Z
Vanessa Nakate,@vanessa_vash,"https://pbs.twimg.com/media/GVU0BDYXQAAEd7Z?format=jpg&name=small, https://pbs.twimg.com/media/GVU0BDYXQAAEd7Z?format=jpg&name=small",115,315,7,9.2K,https://x.com/vanessa_vash/status/1825422426584281472,https://x.com/vanessa_vash,"So what do we mean when we talk about the climate crisis? 

These are the problems that are being caused by changes in the planet‚Äôs climate, including extreme weather events and natural disasters. 

Additionally, ocean acidification and sea-level rise, loss of biodiversity, food",19-Aug-24,2024-08-19T06:39:55.000Z
Sanitation and Water for All,@sanwatforall,,58.5,115,1,18,https://x.com/sanwatforall/status/1833140517904765106,https://x.com/sanwatforall,Prolonged droughts and disasters disrupt education by displacing students and worsening economic conditions. Mitigation through education includes developing climate-resilient curricula & supporting affected communities  to ensure continued learning and school attendance,09-Sep-24,2024-09-09T13:48:52.000Z
YOUTH BIODIVERSITY CONSERVATION INITIATIVE -,@YOUTHBIODI51911,"https://pbs.twimg.com/media/GXEV6g1W8AAZSuu?format=jpg&name=small, https://pbs.twimg.com/media/GXEV6g1W8AAZSuu?format=jpg&name=small",2,228,120,60,https://x.com/YOUTHBIODI51911/status/1833270625571320216,https://x.com/YOUTHBIODI51911,"Listen here, big brain. 

It‚Äôs time for your weekly dose of reality. Booster time. 

I want you to consider the two photos shown below. Study them. Look at them closely until the images are burnt into your retinas. 

The photograph on the left shows Miami Beach, Florida in",09-Sep-24,2024-09-09T22:25:52.000Z
Chris Martz,@ChrisMartzWX,"https://pbs.twimg.com/media/GWzgidTWUAAO8lr?format=jpg&name=small, https://pbs.twimg.com/media/GWzgidTWUAAO8lr?format=jpg&name=small",615,2.2K,122,58K,https://x.com/ChrisMartzWX/status/1832086036697989218,https://x.com/ChrisMartzWX,"ClimateChange is fueling more extreme weather, including heatwaves and drought.

By 2050, more than 75% of the  could face drought.

But there are ways to mitigate it, such as restoring forests, regenerating grasslands and controlling erosion, says @ibrahimthiaw",09-Jun-24,2024-09-06T15:58:44.000Z
UN Climate Change,@UNFCCC,,281,400,46,2K,https://x.com/UNFCCC/status/1554806551445225472,https://x.com/UNFCCC,"Understand the long-term implications of climate change on our wet season. With climate change driving more intense storms and heavier rainfall, it‚Äôs crucial to be aware of these evolving risks. Learn about effective strategies for disaster management and how you can contribute",08-Mar-22,2022-08-03T12:29:03.000Z
ODPM Trinidad and Tobago,@ODPM_TT,https://pbs.twimg.com/media/GXMbdd_WgAA5K6m?format=jpg&name=360x360,208,1,1,228,https://x.com/ODPM_TT/status/1833839742267318537,https://x.com/ODPM_TT,"Climate disasters are reversing global development.

The new @UN Global Assessment Report on Disaster Risk Reduction (GAR 2023) launched this week by @UNDDR highlights how resilience can be strengthened so that communities can better withstand and respond to shocks.",09-Nov-24,2024-09-11T12:07:20.000Z
UN Environment Programme,@UNEP,,135,232,35,25K,https://x.com/UNEP/status/1680442133201780739,https://x.com/UNEP,"Climate change is accelerating, but so are solutions!  Investing in renewable energy, reducing waste, and supporting sustainable practices are crucial steps we can all take. Let's protect our planet for future generations. Every action counts! #ClimateAction #sustainability",16-Jul-23,2023-07-16T05:00:00.000Z
Muskan,@Muskan_nnn,,297,110,115,780,https://x.com/Muskan_nnn/status/1833140888983503065,https://x.com/Muskan_nnn,"""This is not about the future, this is about today.ù Extreme weather events exacerbated by #climatechange are causing death, displacement, and suffering. Cost of climate-related disasters is estimated at $520 billion a year.",09-Sep-24,2024-09-09T13:50:20.000Z
"Susan Joy Hassol, Climate Communication",@ClimateComms,,459,534,17,2.5K,https://x.com/ClimateComms/status/1147997210736508929,https://x.com/ClimateComms,"With climate change, landscape-level transformations are happening faster and becoming more extreme. As the West becomes warmer and drier, the idea of ‚Äúrecovery‚Äù becomes increasingly unrealistic.

#ActOnClimate #ClimateChange",07-Jul-19,2019-07-07T22:33:58.000Z
Paul Dawson,@PaulEDawson,,227,158,6,500,https://x.com/PaulEDawson/status/1014963348289523713,https://x.com/PaulEDawson,"Ontological Analysis to understand the Interplay between Ecosystem Services, Human Well-being, and Climate Change
Learn more here: https://cwejournal.org/vol2no2/pontological-analysis-to-understand-the-interplay-between-ecosystem-services-human-well-being-and-climate-changep‚Ä¶
#ClimateChange #EcosystemServices #Ontology #Wellbeing #environment #wastemanagement #environmentallaws",07-May-18,2018-07-05T20:04:53.000Z
Current World Environment,@cwejournal,"https://pbs.twimg.com/media/GXBM8_nWYAERGpG?format=jpg&name=small, https://pbs.twimg.com/media/GXBM8_nWYAERGpG?format=jpg&name=small",149.5,163,5,35,https://x.com/cwejournal/status/1833049666763587691,https://x.com/cwejournal,"3. The ecological crisis is not just about emissions. It's also about deforestation, soil depletion, ocean dead zones, and mass extinction.  Clean energy alone will not reverse these trends. A clean-powered economy obsessed with growth will keep chewing through our living planet.",09-Sep-24,2024-09-09T07:47:51.000Z
Jason Hickel,@jasonhickel,,72,168,6,229,https://x.com/jasonhickel/status/1135149817854930944,https://x.com/jasonhickel,"Climate change is more than just statistics‚Äîit's about lives, homes, and futures at risk. Wildfires, droughts, and heatwaves are escalating threats that demand urgent action. How can we push for stronger policies to protect our environment and communities?",06-Feb-19,2019-06-02T11:43:01.000Z
Air Support Project,@AirSupportBox,,66.5,113,1,28,https://x.com/AirSupportBox/status/1833575430936531335,https://x.com/AirSupportBox,"As greenhouse gas emissions blanket the Earth, they trap the sun‚Äôs heat. This leads to global warming and climate change. 

The world is now warming faster than at any point in recorded history. This is already causing significant damage to human societies and natural ecosystems",09-Oct-24,2024-09-10T18:37:03.000Z
Sanitation and Water for All,@sanwatforall,,63.75,133,1,8,https://x.com/sanwatforall/status/1833140515237151050,https://x.com/sanwatforall,"With current and future climate change impacts, we can expect an increase in catastrophic events, including greater potential for flooding and heat waves, especially in areas where coverage gaps are substantial. Learn how Guy Carpenter can help: https://bit.ly/4d00Jdd #RVS2024",09-Sep-24,2024-09-09T13:48:51.000Z
Guy Carpenter,@GuyCarpenter,"https://pbs.twimg.com/media/GXB49vfWcAAFeHj?format=jpg&name=small, https://pbs.twimg.com/media/GXB49vfWcAAFeHj?format=jpg&name=small",32.875,208.5,50,113,https://x.com/GuyCarpenter/status/1833098053550514221,https://x.com/GuyCarpenter,"CLIMATE CHANGE  :-

 DEFINITION : 
Climate change refers to long-term shifts in temperatures and weather patterns, primarily due to human activities like burning fossil fuels.

 CAUSES :

Greenhouse Gases - Increased emissions of CO2, methane, and other gases trap heat",09-Sep-24,2024-09-09T11:00:07.000Z
Akritii,@1_Akriti_,,2,58,65,398,https://x.com/1_Akriti_/status/1835015338053820900,https://x.com/1_Akriti_,"It's clear that frequent heat waves, devastating wildfires, rapidly intensifying storms and massive flooding is the new normal. 

These weather events will only get more intense unless we take bold action on mitigating climate change.",14-Sep-24,2024-09-14T17:58:44.000Z
Ro Khanna,@RoKhanna,,61,153,14,200,https://x.com/RoKhanna/status/1080602890413244418,https://x.com/RoKhanna,"Climate change is not an opinion, it‚Äôs a fact that has devastated our communities through wildfires and hurricanes. According to the UN and WMO, natural disasters could cost about $20 billion in annual economic losses by 2030.",01-Mar-19,2019-01-02T23:13:00.000Z
Congressman Raja Krishnamoorthi,@CongressmanRaja,,145,284,7,685,https://x.com/CongressmanRaja/status/1316333231617257480,https://x.com/CongressmanRaja,"Climate change has caused a 5-fold increase in natural disasters & a 7-fold increase in the recovery costs over the last 50 years. https://news.un.org/en/story/2021/09/1098662‚Ä¶ 
 
Congress must pass the Build Back Better plan to help reverse these devastating trends.",14-Oct-20,2020-10-14T11:01:13.000Z
James E. Clyburn,@RepJamesClyburn,,87,221,20,337,https://x.com/RepJamesClyburn/status/1433524376524230657,https://x.com/RepJamesClyburn," Hurricanes
‚Ä¢ Wildfires
‚Ä¢ Floods
‚Ä¢ Heatwaves
‚Ä¢ Drought

As the climate crisis accelerates, experts say not only will these extreme weather events become more severe and more frequent, but emergency response and recovery will become more challenging. https://cnn.it/2WU7wUw",09-Mar-21,2021-09-02T20:16:59.000Z
CNN,@CNN,,192,476,180,1.7K,https://x.com/CNN/status/1434464579573198849,https://x.com/CNN,"It takes more than a good warning system to prevent harm in natural disasters. Suparna Banerjee explains.

@MailSuparna",09-May-21,2021-09-05T10:33:01.000Z
Editorial office D+C,@forumdc,,9,220,1,18K,https://x.com/forumdc/status/1637348176993701888,https://x.com/forumdc,"There is no increase in the rate of natural disasters associated with CO2 emissions. 

Damages may increase but that is because there is more development and property to damage, not because there are more disasters.

https://reuters.com/business/environment/floods-other-water-related-disasters-could-cost-economy-56-trillion-by-2050-2022-08-29/‚Ä¶",19-Mar-23,2023-03-19T07:00:00.000Z
Steve Milloy,@JunkScience,,112,219,23,5K,https://x.com/JunkScience/status/1564250833679798273,https://x.com/JunkScience,"Climate change increases extremes at both ends--extreme heat, drought & wildfire one year, devastating floods the next. 

Last year, we (@Ashok_Mishra_20 et al) showed that ""variable regimes are becoming more variable"" in an article in @NatureComms: https://nature.com/articles/s41467-020-16757-w‚Ä¶",29-Aug-22,2022-08-29T13:57:15.000Z
Prof Michael E. Mann,@MichaelEMann,https://pbs.twimg.com/ext_tw_video_thumb/1373435529371418631/pu/img/4sTUPOV-5EWIXfzs.jpg,483,1.2K,29,15.9K,https://x.com/MichaelEMann/status/1373687828299841538,https://x.com/MichaelEMann,"Much harm can be prevented when there's a natural disaster about to happen: Suparna Banerjee explains what it takes.  

@MailSuparna",21-Mar-21,2021-03-21T17:27:54.000Z
Editorial office D+C,@forumdc,,13,213,3,12K,https://x.com/forumdc/status/1637015987378700290,https://x.com/forumdc,"‚ÄúClimate change is no longer a distant threat but something that is impacting economies now,‚Äù

In 2018 the US sustained $91 billion in damages from climate-related disasters, including tropical cyclones, severe storms, inland floods, droughts & wildfires",18-Mar-23,2023-03-18T09:00:00.000Z
Paul Dawson,@PaulEDawson,,220,217,6,793,https://x.com/PaulEDawson/status/1194147564670480385,https://x.com/PaulEDawson,#climate #ClimateEmergency #ClimateCrisis #GlobalWarming #drought #water #habitat #environment #farms #foodsecurity #food #health #Politics #Diplomacy #geopolitics #economy #science #RegionalSecurity,11-Dec-19,2019-11-12T06:59:00.000Z
Chuck Dalldorf,@ChuckDalldorf,,227,1,10,19,https://x.com/ChuckDalldorf/status/1833514410842984561,https://x.com/ChuckDalldorf,"‚ÄúClimate change is no longer a distant threat but something that is impacting economies now,‚Äù

In 2018 the US sustained $91 billion in damages from climate-related disasters, including tropical cyclones, severe storms, inland floods, droughts & wildfires.",09-Oct-24,2024-09-10T14:34:35.000Z
Paul Dawson,@PaulEDawson,,234,204,9,557,https://x.com/PaulEDawson/status/1177447523616776192,https://x.com/PaulEDawson,"1. This is an Ecological Emergency as well as a Climate Emergency (and given that some kind of societal collapse looks likely as we head into a 2.5¬∞C world this is a Nuclear Emergency as well).

So here's a thread of threads about Things We Can Do.

First:",27-Sep-19,2019-09-27T04:59:00.000Z
Paul Dawson,@PaulEDawson,,171,156,20,4.3K,https://x.com/PaulEDawson/status/1160473175286800384,https://x.com/PaulEDawson,"Burning fossil fuels, deforestation, and other human-caused changes in the global environment contribute to rising temperatures, altering ecosystems, and increasing the risk of infectious and non-infectious diseases.
Industrial activities, transportation, and household habits",08-Nov-19,2019-08-11T08:49:00.000Z
Ben See,@ClimateBen,,150,224,4,670,https://x.com/ClimateBen/status/1137107934218002434,https://x.com/ClimateBen,All landscapes and species are already being ‚Äúdecimated‚Äù by extreme weather events as a direct consequence of excessive CO2/CH4 (methane) emissions destabilising earth‚Äôs biosphere. Decarbonising our global economy is imperative.,06-Jul-19,2019-06-07T21:23:52.000Z
Teach Cartel,@TeahCartel,,2,7,1,254,https://x.com/TeahCartel/status/1832985292141183481,https://x.com/TeahCartel,"Climate is a disaster response issue. 
Climate is a disaster recovery issue. 
Climate is a disaster mitigation issue. 
Climate is a disaster preparedness issue.",09-Sep-24,2024-09-09T03:32:03.000Z
Quentin Dempster,@QuentinDempster,,1,1,1,21,https://x.com/QuentinDempster/status/1833046987811483833,https://x.com/QuentinDempster,"Climate change is not merely an environmental issue,it is a humanitarian, economic, and social crisis that affects every aspect of our lives.We are witnessing an increase in extreme weather patterns across the globe, from devastating  floods to unprecedented heatwaves & wildfires",09-Sep-24,2024-09-09T07:37:12.000Z
Dr. Samantha Montano,@SamLMontano,,37,176,6,8K,https://x.com/SamLMontano/status/1195492086734360581,https://x.com/SamLMontano,"3/ Education empowers, equips, & skills people for climate mitigation, adaptation, & resilience. At the same time, climate change-induced heat & extreme weather events are significantly disrupting learning, & low-income countries and vulnerable communities are disproportionately",16-Nov-19,2019-11-16T00:01:39.000Z
Tangwa Abilu..SDG's.,@AbiluTangwa,"https://pbs.twimg.com/media/GXNQaC1XwAA4zwB?format=jpg&name=small, https://pbs.twimg.com/media/GXNQaC1XwAA4zwB?format=jpg&name=small",19,43,2,759,https://x.com/AbiluTangwa/status/1833897892651639080,https://x.com/AbiluTangwa,"The issue is more extreme weather. With climate change comes disruptions to the so-called ""temperate zone"" we live in. The planet is having a general trend upwards. But also expanded extremes. Hotter hots, yes, but colder colds. Drier droughts. Greater torrents.",09-Nov-24,2024-09-11T15:58:24.000Z
The Sangyan By Abhishek,@thesangyan,,31,321,1,11,https://x.com/thesangyan/status/1833217006054920594,https://x.com/thesangyan,"New paper this week shows how we can become #NaturePositive by setting a global goal for nature. 

Conservation & business leaders are calling for a global goal for nature - like the 1.5 C goal we have for climate - to secure a nature-positive world by 2030",09-Sep-24,2024-09-09T18:52:48.000Z
Peter Corless,@PeterCorless,,43,599,17,100K,https://x.com/PeterCorless/status/1090286609814016007,https://x.com/PeterCorless,"In a challenging year it remains vitally important to agree a shared global goal to reverse nature loss by 2030.

People and the planet depend on an equitable, #NaturePositive and net-zero emissions world. RT to show your support. #COP15",29-Jan-19,2019-01-29T16:32:38.000Z
WWF,@WWF,"https://pbs.twimg.com/media/E0UROzVXoAISu__?format=jpg&name=small, https://pbs.twimg.com/media/E0UROzVXoAISu__?format=jpg&name=small",384,1K,21,250K,https://x.com/WWF/status/1388535673624408064,https://x.com/WWF,"We are destabilizing our climate and pushing nature to the brink. It‚Äôs time to change course.

What are the key ‚Äúmust haves‚Äù to secure a #NaturePositive world by 2030? #COP15",05-Jan-21,2021-05-01T16:47:56.000Z
Nature Positive,@NatureDeal,"https://pbs.twimg.com/amplify_video_thumb/1526877747326377984/img/m2jlBAxZvjPtDzwO.jpg, https://pbs.twimg.com/amplify_video_thumb/1526877747326377984/img/m2jlBAxZvjPtDzwO.jpg, https://pbs.twimg.com/amplify_video_thumb/1526877747326377984/img/m2jlBAxZvjPtDzwO.jpg",37,761,4,14.9K,https://x.com/NatureDeal/status/1538838832807804929,https://x.com/NatureDeal,you'll notice people actually committed to sustainability orient their work around the intangible ways of obtaining eco justice. sustainable baddie website for example has posts every single week just telling you GOOD ENVIRONMENTAL NEWS which combats climate environmental doom,20-Jun-22,2022-06-20T10:59:02.000Z
Nature Positive,@NatureDeal,"https://pbs.twimg.com/amplify_video_thumb/1540294892768960512/img/6ha2iAtzw4Q1sXzE.jpg, https://pbs.twimg.com/amplify_video_thumb/1540294892768960512/img/6ha2iAtzw4Q1sXzE.jpg, https://pbs.twimg.com/amplify_video_thumb/1540294892768960512/img/6ha2iAtzw4Q1sXzE.jpg",31,294,5,3K,https://x.com/NatureDeal/status/1540296348519497729,https://x.com/NatureDeal,"#Nature is in CRISIS. A global goal that sets nature on the road to recovery by 2030 will protect people and the planet.

World leaders must take ambitious action for an #Equitable #NetZero #NaturePositive world.

New paper  https://f.hubspotusercontent20.net/hubfs/4783129/Nature%20Positive%20The%20Global%20Goal%20for%20Nature%20paper.pdf‚Ä¶ 
#ForNature",24-Jun-22,2022-06-24T11:30:41.000Z
thatadult,@rianphin,"https://pbs.twimg.com/media/F3hdRGGWoAAW-y3?format=jpg&name=900x900, https://pbs.twimg.com/media/F3hdRGGWoAAW-y3?format=jpg&name=900x900",36,344,4,17K,https://x.com/rianphin/status/1691204215543148545,https://x.com/rianphin,"Bhutan is the world‚Äôs only carbon negative country: this means the carbon emissions the country produces are not only offset, but are now in the negative due to the generation and exportation of renewable energy http://bit.ly/2EKDep8",15-Aug-23,2023-08-14T21:44:40.000Z
Nature Positive,@NatureDeal,"https://pbs.twimg.com/ext_tw_video_thumb/1388099630823583755/pu/img/w3yLqDW8jMmfgzuy.jpg, https://pbs.twimg.com/ext_tw_video_thumb/1388099630823583755/pu/img/w3yLqDW8jMmfgzuy.jpg, https://pbs.twimg.com/ext_tw_video_thumb/1388099630823583755/pu/img/w3yLqDW8jMmfgzuy.jpg",66,191,4,779,https://x.com/NatureDeal/status/1388100021845954565,https://x.com/NatureDeal,"The more I look at global warming, the more skeptical I am

Bulk of existent/growing CO2 emmisions are in Asia

Renewables ineffective...if global warming was an existential threat then scientists should push Nuclear Energy

Yet current  strategy doesn‚Äôt address any of this",30-Apr-21,2021-04-30T11:56:49.000Z
Massimo,@Rainmaker1973,"https://pbs.twimg.com/media/EA0Te0AXYAAK9ro?format=jpg&name=small, https://pbs.twimg.com/media/EA0Te0AXYAAK9ro?format=jpg&name=small",148,403,7,13K,https://x.com/Rainmaker1973/status/1156602100924788736,https://x.com/Rainmaker1973,The world's last proper monarchy of Bhutan is the only country in the world that's net carbon negative. It's enshrined in law that their forests mustn't be cut down. They promote happiness over economics and are very strict on immigration. I wonder why we never hear about them?,31-Jul-19,2019-07-31T16:26:44.000Z
Gummi,@gummibear737,"https://pbs.twimg.com/media/ExhOzwyXMAUioMc?format=jpg&name=small, https://pbs.twimg.com/media/ExhOzwyXMAUioMc?format=jpg&name=small",174,841,112,294K,https://x.com/gummibear737/status/1375936342228615169,https://x.com/gummibear737,"Somebody said I should focus more on positive and not negative
Fact is I should do both
If people are not aware of the negative things that are happening such as building a mega city in the Borneo jungle and destroying Orangutan home as well as fueling warming how can we stop it",27-Mar-21,2021-03-27T22:22:42.000Z
The Aureus Press,@Trad_West_Art,,53,596,28,70K,https://x.com/Trad_West_Art/status/1633414761139380225,https://x.com/Trad_West_Art,"Don‚Äôt dilute the term Nature Positive https://nature.com/articles/s41559-022-01845-5‚Ä¶

Nature Positive is being used by businesses, governments and NGOs, but its meaning risks being diluted from measurable net biodiversity gain towards merely any action that benefits nature, argues @EJMilnerGulland",03-Aug-23,2023-03-08T10:30:01.000Z
GO GREEN,@ECOWARRIORSS,"https://pbs.twimg.com/media/FM10ehSXoAc-nBs?format=png&name=small, https://pbs.twimg.com/media/FM10ehSXoAc-nBs?format=png&name=small",78,200,10,1.2K,https://x.com/ECOWARRIORSS/status/1498982329427107841,https://x.com/ECOWARRIORSS,"What could a #NaturePositive economy mean for people and the planet?

#NowReading A #NaturePositive World: The Global Goal for Nature: https://f.hubspotusercontent20.net/hubfs/4783129/Nature%20Positive%20The%20Global%20Goal%20for%20Nature%20paper.pdf‚Ä¶",03-Feb-22,2022-03-02T11:23:31.000Z
NatureEcoEvo,@NatureEcoEvo,"https://pbs.twimg.com/media/FZpw6sXWAAEgpxq?format=jpg&name=small, https://pbs.twimg.com/media/FZpw6sXWAAEgpxq?format=jpg&name=small",134,240,4,500,https://x.com/NatureEcoEvo/status/1556680870609952779,https://x.com/NatureEcoEvo,"Bhutan is not only carbon neutral, it‚Äôs carbon negative. See the conviction in which they have linked the protected areas, while we are busy dissecting our corridors",08-Aug-22,2022-08-08T16:36:55.000Z
ipbes,@IPBES,"https://pbs.twimg.com/media/E1CGiI-WEAIP7Sa?format=png&name=small, https://pbs.twimg.com/media/E1CGiI-WEAIP7Sa?format=png&name=small",187,353,3,1.7K,https://x.com/IPBES/status/1391760512229298184,https://x.com/IPBES,"As the ocean loses fish and gains plastics, it's easy to lose hope in our planet. But a brighter future IS possible. 

This #WorldEnvironmentDay, here are 12 global trends that will leave you feeling hopeful for the future. http://bit.ly/2JqW8qJ",05-Oct-21,2021-05-10T14:22:18.000Z
Susanta Nanda,@susantananda3,https://pbs.twimg.com/ext_tw_video_thumb/1143141581580427265/pu/img/mnwIGzDRjuy9r-Gv.jpg,264,460,10,785,https://x.com/susantananda3/status/1143141811382181893,https://x.com/susantananda3,"Leaders: the clock is ticking 

For people and nature, we can‚Äôt risk #COP15 being a failure. Right now, it hangs in the balance

Our planet is in a state of emergency. Our lives depend on things turning around

RT if you want an ambitious global agreement for nature #SaveCOP15",24-Jun-19,2019-06-24T13:00:21.000Z
The Nature Conservancy,@nature_org,"https://pbs.twimg.com/media/De8s5IjX0AEc3v2?format=jpg&name=small, https://pbs.twimg.com/media/De8s5IjX0AEc3v2?format=jpg&name=small",141,248,3,336,https://x.com/nature_org/status/1004070603912110087,https://x.com/nature_org,"Latest data show shocking loss of wildlife populations. We need urgent and transformative action to save our natural world. 

@WWF_DG #ForNature #COP15 #LivingPlanet #LPR2022",06-May-18,2018-06-05T18:41:01.000Z
Nature Positive,@NatureDeal,https://pbs.twimg.com/ext_tw_video_thumb/1604260422059704320/pu/img/xrfjSP4qlMPMnFGb.jpg,257,1.7K,26,432K,https://x.com/NatureDeal/status/1604260474199097344,https://x.com/NatureDeal,"Unbelievable, isn‚Äôt it?

Pollution, #ClimateChange & overfishing are just some of the threats affecting freshwater species like these.

This CANNOT continue. 

#ForALivingPlanet we need leaders to prioritize an ambitious global biodiversity agreement at #COP15 in December.",17-Dec-22,2022-12-17T23:41:17.000Z
Nature Positive,@NatureDeal,"https://pbs.twimg.com/media/FfBOOUZXoAEw5W-?format=jpg&name=small, https://pbs.twimg.com/media/FfBOOUZXoAEw5W-?format=jpg&name=small",130,823,10,19K,https://x.com/NatureDeal/status/1580849836693557249,https://x.com/NatureDeal,"#Breaking: Ahead of #post2020 negotiations kicking off in Geneva, new WWF report finds an enormous gap between existing nature commitments and the current First Draft global biodiversity agreement.

Leaders must step up for people & planet#NaturePositive
https://wwf.panda.org/wwf_news/press_releases/?5254441/Governments-collectively-failing-on-nature-pledges-finds-new-WWF-report‚Ä¶",14-Oct-22,2022-10-14T09:15:46.000Z
Nature Positive,@NatureDeal,,544,6.5K,21,2.8M,https://x.com/NatureDeal/status/1580482397472276480,https://x.com/NatureDeal,"The world is neither good or bad - it‚Äôs objectively neutral.

That is, if you go on seeking reasons to be sad about, it‚Äôll offer plenty of them to you.

But, similarly, if you focus on reasons for you to be happy, you‚Äôll find plenty of those too.",13-Oct-22,2022-10-13T08:55:42.000Z
Nature Positive,@NatureDeal,"https://pbs.twimg.com/media/FNZCxpAX0AEpUZG?format=jpg&name=small, https://pbs.twimg.com/media/FNZCxpAX0AEpUZG?format=jpg&name=small",171,817,11,120K,https://x.com/NatureDeal/status/1501461180765855744,https://x.com/NatureDeal,"Right now, governments are meeting in Nairobi for UN talks aiming to reach consensus ahead of #COP15 on a global plan to address the world‚Äôs catastrophic loss of nature

RT to join us and call for a ‚ÄòParis‚Äô-style agreement capable of driving action NOW for a #NaturePositive world",03-Sep-22,2022-03-09T07:33:35.000Z
Paras Chopra,@paraschopra,,47,416,11,13.9K,https://x.com/paraschopra/status/1559089915782057985,https://x.com/paraschopra,"''Biodiversity holds the key to our planet's future. By 2030, let's halt and reverse biodiversity loss, ensuring MORE nature by the decade's end.''

Hear from Marco Lambertini, @WWF_SpecEnvoy, on #BiodiversityDay

#FromAgreementToAction #NaturePositive #BuildBackBiodiversity",15-Aug-22,2022-08-15T08:09:37.000Z
Nature Positive,@NatureDeal,"https://pbs.twimg.com/ext_tw_video_thumb/1539614224103645184/pu/img/64cQKQQQAXeH4D45.jpg, https://pbs.twimg.com/ext_tw_video_thumb/1539614224103645184/pu/img/64cQKQQQAXeH4D45.jpg, https://pbs.twimg.com/ext_tw_video_thumb/1539614224103645184/pu/img/64cQKQQQAXeH4D45.jpg",35,345,1,809,https://x.com/NatureDeal/status/1539614284564553730,https://x.com/NatureDeal,"To the leaders and decision makers attending #COP15, the @UNBiodiversity Conference: the world is watching. 

Nature is in crisis - we must not miss this opportunity to secure a 'Paris'-style agreement that turns the tide on biodiversity loss. 

#TeamEarth #NaturePositive",22-Jun-22,2022-06-22T14:20:24.000Z
Nature Positive,@NatureDeal,"https://pbs.twimg.com/ext_tw_video_thumb/1660615948494094337/pu/img/eO33qvfBXwI3G1QE.jpg, https://pbs.twimg.com/ext_tw_video_thumb/1660615948494094337/pu/img/eO33qvfBXwI3G1QE.jpg, https://pbs.twimg.com/ext_tw_video_thumb/1660615948494094337/pu/img/eO33qvfBXwI3G1QE.jpg",40,538,4,40K,https://x.com/NatureDeal/status/1660616578503778310,https://x.com/NatureDeal,"Carbon emissions:

China: Very high and rising again after a plateau

U.S.: Down substantially but rising again

Europe: Down substantially and still falling (but slowly)

India: Low but rising steadily

All Others: High and rising steadily",22-May-23,2023-05-22T12:00:19.000Z
Nature Positive,@NatureDeal,https://pbs.twimg.com/ext_tw_video_thumb/1598681820631121920/pu/img/5STOoiA_eTv3tIcw.jpg,84,350,19,752,https://x.com/NatureDeal/status/1598682579288223744,https://x.com/NatureDeal,"The world must come together for our one shared home - the future of humanity depends on it.

Right now discussions are taking place that can help us move to a #NaturePositive future. RT to support an ambitious #post2020 Global Biodiversity Framework. #COP15",12-Feb-22,2022-12-02T14:16:43.000Z
Noah Smith,@Noahpinion,https://pbs.twimg.com/media/DuKDfENX4AAguvX?format=jpg&name=small,210,339,18,99K,https://x.com/Noahpinion/status/1072564413289431040,https://x.com/Noahpinion,"The good: we are currently headed toward less global warming than pre-Paris (~3C vs ~4C). 

The bad: a given temp. rise is more harmful than we thought.

The ugly: thinking in binary terms (we are either doomed or not), rather than recognizing every bit of GHG reduction is a win.",12-Nov-18,2018-12-11T18:50:58.000Z
Nature Positive,@NatureDeal,,16,454,2,204K,https://x.com/NatureDeal/status/1540351272683032576,https://x.com/NatureDeal,"Nature is in crisis.

We need more solutions like this to build a world where people and nature thrive.

RT if you want to see more action from world leaders #ForALivingPlanet at #COP15 #LivingPlanet #LPR2022 #NaturePositive",24-Jun-22,2022-06-24T15:08:56.000Z
Emil Dimanchev,@EmilDimanchev,,72,310,20,55K,https://x.com/EmilDimanchev/status/1418932701911044099,https://x.com/EmilDimanchev,"Our world faces many interconnected crises, putting nature and people at risk.

Government representatives are due to adopt a new global agreement #ForNature at #COP15. They must be bold and set us on the path to be #NaturePositive by 2030!

Read more https://explore.panda.org/cop15",24-Jul-21,2021-07-24T13:54:53.000Z
Nature Positive,@NatureDeal,,112,1.4K,10,2.6M,https://x.com/NatureDeal/status/1582373734656212992,https://x.com/NatureDeal,"We urgently need a shared global goal for nature, just like the 1.5C goal we already have for climate. 

Halting biodiversity loss is not enough, say @manupulgarvidal and @gavinedwardsWWF, we must be #NaturePositive by 2030.

#COP27 #COP15",18-Oct-22,2022-10-18T14:11:12.000Z
Nature Positive,@NatureDeal,,274,2K,8,3.2M,https://x.com/NatureDeal/status/1598331334249697280,https://x.com/NatureDeal,"People OR nature? 
For too long, economic & environmental interests have been pitted against each 
other. But it doesn‚Äôt have to be an either or scenario. New science from @nature_org
shows a more sustainable future for all   http://nature.org/twopaths2050",12-Jan-22,2022-12-01T15:01:00.000Z
Nature Positive,@NatureDeal,,13,406,2,8K,https://x.com/NatureDeal/status/1538838607460540418,https://x.com/NatureDeal,"Always a bold take, but even bolder than usual with everyone talking a/b the Chernobyl miniseries, that disaster having proved once and for all that in non-capitalist countries, everyone cares about the environment and puts it first all the time, over their own agendas",20-Jun-22,2022-06-20T10:58:08.000Z
Nature Positive,@NatureDeal,,511,9.1K,69,7.9M,https://x.com/NatureDeal/status/1589576742586691587,https://x.com/NatureDeal,"The first 2 are no. 
Humans are a bigger pollutant so I‚Äôm going with net positive for the environment",11-Jul-22,2022-11-07T11:13:22.000Z
UN Environment Programme,@UNEP,"https://pbs.twimg.com/media/DpsVd9sW4AA4HPC?format=jpg&name=small, https://pbs.twimg.com/media/DpsVd9sW4AA4HPC?format=jpg&name=small",118,222,4,1.1K,https://x.com/UNEP/status/1052458544782614528,https://x.com/UNEP,"Our world is in a state of crisis and wildlife populations are plummeting 

But there is still time to secure a #NaturePositive world by 2030, says @WWF_DG calling on leaders to adopt an ambitious biodiversity agreement at #COP15.

#LivingPlanet #LPR2022",17-Oct-18,2018-10-17T07:17:25.000Z
Jesse Singal,@jessesingal,"https://pbs.twimg.com/media/D9Ns4WsXsAEedRl?format=png&name=small, https://pbs.twimg.com/media/D9Ns4WsXsAEedRl?format=png&name=small",14,214,8,901,https://x.com/jessesingal/status/1140374968473141249,https://x.com/jessesingal,"A #NaturePositive world will benefit all people and the planet

Businesses, companies, NGOs & governments can get behind this global goal http://naturepositive.org

Next week, leaders @Davos #WEF22 must show they are prioritizing action on nature. #NaturePositive by 2030",16-Jun-19,2019-06-16T21:45:54.000Z
Jennifer Gunter,@DrJenGunter,,14,200,23,777,https://x.com/DrJenGunter/status/1039266804059623424,https://x.com/DrJenGunter,"Here the optimistic view would be to say that it's better like this than having no wind farms or electric cars whatsoever, while the pessimistic view would be that it would give Elon or Total even more power to stop climate policies",09-Oct-18,2018-09-10T21:38:09.000Z
Nature Positive,@NatureDeal,,126,1.4K,5,1.5M,https://x.com/NatureDeal/status/1580556914869403648,https://x.com/NatureDeal,"As a #CarbonNegative country, #Bhutan is a global role model.
Even in the field of #Farming  Bhutan's innovative methods are helping overcome the challenges of shrinking land & food insecurity.

https://fao.org/newsroom/story/growing-food-out-of-water-in-bhutan/en‚Ä¶

@FAOKnowledge",13-Oct-22,2022-10-13T13:51:48.000Z
Nature Positive,@NatureDeal,,191,3.3K,12,2.3M,https://x.com/NatureDeal/status/1526878105935171584,https://x.com/NatureDeal,"Australia, Asia and north of it seems to be the most dramatic, it‚Äôs a shame to see the reduction of beautiful forests and wildlife habitats get cut down over the years. It‚Äôs devastating and sad.",18-May-22,2022-05-18T10:51:23.000Z
Picpus,@acecloula,,145.5,1,1,13,https://x.com/acecloula/status/1834636004403065141,https://x.com/acecloula,"Good: Committed to protecting the environment
Bad: Seem to have decided that the way to do that is not to reduce emissions/improve public transport, but to protect the existence of fields",13-Sep-24,2024-09-13T16:51:23.000Z
Dr. Dinesh Shahra,@ShahraDinesh,,131.75,1,17,42,https://x.com/ShahraDinesh/status/1834231227756183900,https://x.com/ShahraDinesh,"Important to note that good negative emissions practices like putting carbon into soils & trees are a good thing, period - it's dubbing them offsets and creating a legal or moral excuse for failure to cut fossil fuel emissions that's problematic.",09-Dec-24,2024-09-12T14:02:57.000Z
MrSolo4Dolo,@MrSolo4Dolo,,222,200,20,23,https://x.com/MrSolo4Dolo/status/1834594264682029544,https://x.com/MrSolo4Dolo,"None of this means everything's fine. It's not. But we do a disservice when we ignore the good news and exaggerate the bad. 

Our goal should be to understand the positives for people & nature ‚Äî urbanization, agricultural productivity, reforestation ‚Äî so we can do more of them.",13-Sep-24,2024-09-13T14:05:32.000Z
keewa,@keewa,,5,270,2,3.1K,https://x.com/keewa/status/1795800822749573416,https://x.com/keewa,"Our planet is in crisis: nature loss, climate change and an increased risk of pandemics.

That‚Äôs why leaders must step up and secure a #NaturePositive world by 2030. #COP15",29-May-24,2024-05-29T12:54:15.000Z
Fred Iutzi,@FredIutzi,,14,181,2,223,https://x.com/FredIutzi/status/1358082655703736320,https://x.com/FredIutzi,"Our planet is in the red. We're destabilizing our climate and pushing nature to the brink. This year, world leaders have a momentous opportunity to change course for people & planet. A #NewDealForNature is needed to reverse nature loss, in support of #ClimateAction & #SDGs #WEF20",02-Jun-21,2021-02-06T15:58:31.000Z
Michael Shellenberger,@shellenberger,,193,1K,30,3.6M,https://x.com/shellenberger/status/1168036667464151045,https://x.com/shellenberger,"The science is clear: we're destabilizing our climate and pushing nature to the brink. This year, world leaders have a momentous opportunity to change course for people & planet. A #NewDealForNature is needed to reverse nature loss, in support of #ClimateAction and #SDGs #WEF20",09-Jan-19,2019-09-01T05:43:37.000Z
Nature Positive,@NatureDeal,,35,310,2,987,https://x.com/NatureDeal/status/1356276871185506312,https://x.com/NatureDeal,"Our planet is in the red. We're destabilizing our climate & pushing nature to the brink. This year, world leaders have a momentous opportunity to change course for people & planet. A #NewDealForNature is needed to reverse nature loss, in support of #ClimateAction & SDGs #AUSummit",02-Jan-21,2021-02-01T16:22:59.000Z
Nature Positive,@NatureDeal,"https://pbs.twimg.com/media/EOt4qETW4As7qWC?format=jpg&name=small, https://pbs.twimg.com/media/EOt4qETW4As7qWC?format=jpg&name=small",150,1.1K,20,347K,https://x.com/NatureDeal/status/1219201440121597952,https://x.com/NatureDeal,"Our planet is in the red We‚Äôre destabilizing our climate and pushing nature to the brink. Join us this #EarthHour in calling for urgent action to rebalance our relationship with the natural world. #NatureMatters
 
Raise your #VoiceForThePlanet
http://Panda.org/voice",20-Jan-20,2020-01-20T10:14:09.000Z
Nature Positive,@NatureDeal,https://pbs.twimg.com/media/ELBo8HjXsAE9UMZ?format=jpg&name=small,162,1.3K,13,2.3M,https://x.com/NatureDeal/status/1219198953008377856,https://x.com/NatureDeal,"Rapid & often unplanned urbanization has led to increased pressure on the environment.

To achieve the #GlobalGoals, we need to promote:
 Sustainable buildings
 Sound urban planning
 Low-carbon transport 
 Green spaces
 Sustainable lifestyles",20-Jan-20,2020-01-20T10:04:16.000Z
Nature Positive,@NatureDeal,"https://pbs.twimg.com/media/EOt4qETW4As7qWC?format=jpg&name=small, https://pbs.twimg.com/media/EOt4qETW4As7qWC?format=jpg&name=small",150,1.1K,20,579K,https://x.com/NatureDeal/status/1219201440121597952,https://x.com/NatureDeal,"#GlobalGoals are a universal call to action to end poverty, protect the planet and ensure that all people enjoy peace and prosperity. 17 goals to transform our world: https://bit.ly/2CzNPTV",20-Jan-20,2020-01-20T10:14:09.000Z
Nature Positive,@NatureDeal,"https://pbs.twimg.com/media/ELBo8HjXsAE9UMZ?format=jpg&name=small, https://pbs.twimg.com/media/ELBo8HjXsAE9UMZ?format=jpg&name=small",162,1.3K,13,324K,https://x.com/NatureDeal/status/1219198953008377856,https://x.com/NatureDeal,"We all can do something to reach the #GlobalGoals for Sustainable Development by 2030 - from governments to private sector - and from civil society to individuals.
 See actions you can take: http://bit.ly/2yl00lg
 More about Global Goals: http://bit.ly/2O8g6tp",20-Jan-20,2020-01-20T10:04:16.000Z
Nature Positive,@NatureDeal,"https://pbs.twimg.com/media/ELBo8HjXsAE9UMZ?format=jpg&name=small, https://pbs.twimg.com/media/ELBo8HjXsAE9UMZ?format=jpg&name=small",47,378,10,27K,https://x.com/NatureDeal/status/1226264443669094400,https://x.com/NatureDeal,"The key towards sustainability is: decoupling natural resource use, reducing environmental impacts from economic activity & improving human well-being. If achieved, it will deliver:
 Social benefits
 Environmental repair
 Economic growth
#GRO2019
http://bit.ly/2TOesiM",02-Aug-20,2020-02-08T22:00:00.000Z
Nature Positive,@NatureDeal,,253,1K,32,5.8M,https://x.com/NatureDeal/status/1240880277192351745,https://x.com/NatureDeal,"In an increasingly urbanized world, cities can be drivers of economic growth, but they also account for over 70% of global emissions & are vulnerable to #ClimateCrisis impacts.

The #GlobalGoals aim to make cities inclusive, safe, resilient & sustainable: https://bit.ly/44z2B9l",20-Mar-20,2020-03-20T05:58:07.000Z
UN Environment Programme,@UNEP,https://pbs.twimg.com/ext_tw_video_thumb/1208614273695571969/pu/img/da2VceWthpn2AWT4.jpg,191,368,13,700,https://x.com/UNEP/status/1208614306742505472,https://x.com/UNEP,"Sustainable energy presents an opportunity to transform lives & economies while safeguarding the planet

More than 80% of all new electricity capacity added in 2020 was renewable, with solar & wind accounting for 91%.

Let's keep up the momentum to ensure the future is clean.",22-Dec-19,2019-12-22T05:04:40.000Z
UN Environment Programme,@UNEP,"https://pbs.twimg.com/media/DyT29ZPX4AEHnXl.jpg, https://pbs.twimg.com/media/DyT29ZPX4AEHnXl.jpg, https://pbs.twimg.com/media/DyT29ZPX4AEHnXl.jpg",142,211,5,563,https://x.com/UNEP/status/1091652449213984768,https://x.com/UNEP,"Here are TEN facts that climate activists don't want you to know:

‚ûä Just because something is published in a journal does not necessarily guarantee the research findings are correct. Recall when an ocean acidification study was retracted for containing fraudulent data?

‚ûã",02-Feb-19,2019-02-02T11:00:00.000Z
UN Environment Programme,@UNEP,"https://pbs.twimg.com/ext_tw_video_thumb/1048486326629228544/pu/img/HoPJDQvt74XsApYS.jpg, https://pbs.twimg.com/ext_tw_video_thumb/1048486326629228544/pu/img/HoPJDQvt74XsApYS.jpg, https://pbs.twimg.com/ext_tw_video_thumb/1048486326629228544/pu/img/HoPJDQvt74XsApYS.jpg",188,248,3,3.4K,https://x.com/UNEP/status/1048486739407503362,https://x.com/UNEP,"The relationship between humans and the environment has always been a complex one. 

As human civilisation has advanced, our capacity to impact the natural environment has grown exponentially. 

Forests have been cut down to make way for cities, rivers polluted by industries, and",10-Jun-18,2018-10-06T08:14:53.000Z
UN Environment Programme,@UNEP,"https://pbs.twimg.com/amplify_video_thumb/1105138527807987713/img/9B-UGouUCIzwrUOn.jpg, https://pbs.twimg.com/amplify_video_thumb/1105138527807987713/img/9B-UGouUCIzwrUOn.jpg, https://pbs.twimg.com/amplify_video_thumb/1105138527807987713/img/9B-UGouUCIzwrUOn.jpg",312,454,12,73K,https://x.com/UNEP/status/1105408114541711360,https://x.com/UNEP,"Climate change requires us to work together, be creative and take shared responsibility.  To create a sustainable future, we apply three potent methods:
 Chaordic Stepping Stones: Start with evaluating beliefs, values and strategies incrementally in order to generate",03-Dec-19,2019-03-12T10:00:06.000Z
UN Environment Programme,@UNEP,"https://pbs.twimg.com/amplify_video_thumb/1682012878969208840/img/sqooH8e1MQAN-5XQ.jpg, https://pbs.twimg.com/amplify_video_thumb/1682012878969208840/img/sqooH8e1MQAN-5XQ.jpg, https://pbs.twimg.com/amplify_video_thumb/1682012878969208840/img/sqooH8e1MQAN-5XQ.jpg",183,347,42,39K,https://x.com/UNEP/status/1683099645759696896,https://x.com/UNEP,"We need to go for green  to #RecoverBetter 

A Global Recovery Observatory report identifies  core green policy areas that can
deliver the economic returns needed for a strong recovery while 
addressing pressing environmental & social concerns: http://bit.ly/3rz4Kyl",23-Jul-23,2023-07-23T13:00:00.000Z
UN Environment Programme,@UNEP,"https://pbs.twimg.com/amplify_video_thumb/1251800260948774912/img/6oovAXdqNtgvCzxE.jpg, https://pbs.twimg.com/amplify_video_thumb/1251800260948774912/img/6oovAXdqNtgvCzxE.jpg, https://pbs.twimg.com/amplify_video_thumb/1251800260948774912/img/6oovAXdqNtgvCzxE.jpg",113,227,8,16K,https://x.com/UNEP/status/1425433005091344387,https://x.com/UNEP,"Action #ForNature
=
#ClimateAction

 Healthy ecosystems can provide 37% of the mitigation needed to limit global temperature rise.

 While damaged ecosystems release carbon instead of storing it.",08-Nov-21,2021-08-11T12:24:46.000Z
Chris Martz,@ChrisMartzWX,,201,422,14,26K,https://x.com/ChrisMartzWX/status/1673902135342436352,https://x.com/ChrisMartzWX,"There‚Äôs a lot we can do to ensure we're prepared as weather extremes intensify. The bottom line, though, is that we have to cut fossil fuels. There's no way around that if we want to stay safe. 

https://talkingclimate.ca/p/more-green-energy-is-powering-the‚Ä¶",28-Jun-23,2023-06-28T03:52:23.000Z
Rosmel Rodr√≠guez,@Ros_Rodriguez_,,303,701,35,49K,https://x.com/Ros_Rodriguez_/status/1675404176589746176,https://x.com/Ros_Rodriguez_,"About global warming 

Global warming refers to the long-term rise in the average temperature of the Earth's climate system, driven largely by human-induced emissions of greenhouse gases. Here's an overview based on current understanding:

Causes:

Greenhouse Gases: The primary",07-Feb-23,2023-07-02T07:20:57.000Z
Society Groom,@grinnaija,,2,3,20,60,https://x.com/grinnaija/status/1833141438156042718,https://x.com/grinnaija,"wtp1952

Predicted by Scientists - The long-term effect of climate change will include:
A decrease in sea ice & an increase in permafrost thawing
An increase in heat waves and heavy precipitation
Decreased water resources in semi-arid regions.

Here are some of the regional",09-Sep-24,2024-09-09T13:52:31.000Z
UN Environment Programme,@UNEP,,113,187,15,286,https://x.com/UNEP/status/1369670403510173698,https://x.com/UNEP,"In 2023, we witnessed the hottest year on record, with the past decade marking the 10 hottest years since we began keeping records.

For decades climate scientists warned us that we could not allow global average temperatures to reach 1.5¬∞C above pre-industrial levels without",03-Oct-21,2021-03-10T15:24:06.000Z
UN Environment Programme,@UNEP,https://pbs.twimg.com/amplify_video_thumb/1140221878352695296/img/WtIGgF56ZOj1EbJk.jpg,103,239,6,592,https://x.com/UNEP/status/1333032966994362369,https://x.com/UNEP,"Solutions: halve your fossil fuels emissions, leave trees and forests to grow, choose a plant based diet, grow your own, get solar panels and ebikes, buy less, local and circular, stop using chemical fertilizer and pesticides, regenerate 30% for nature, all by 2030. Beautiful",29-Nov-20,2020-11-29T13:00:00.000Z
Robin Monotti,@robinmonotti,"https://pbs.twimg.com/media/F6svY3TXwAAfcdM?format=jpg&name=900x900, https://pbs.twimg.com/media/F6svY3TXwAAfcdM?format=jpg&name=900x900",12K,25K,622,3.6M,https://x.com/robinmonotti/status/1705508990665253295,https://x.com/robinmonotti,"UN Secretary-General @antonioguterres and @UN have a plan for creating a more resilient economy in response to economic breakdown. They propose six criteria for a green recovery. #ClimateAction 
Read more: https://bit.ly/UNchief-urges 
#EarthDay2020 #ClimateChange #Sustainability",23-Sep-23,2023-09-23T09:06:44.000Z
Robin Monotti,@robinmonotti,"https://pbs.twimg.com/media/F3jWhuHXMAA8FKa?format=jpg&name=900x900, https://pbs.twimg.com/media/F3jWhuHXMAA8FKa?format=jpg&name=900x900",13K,22K,473,2.3M,https://x.com/robinmonotti/status/1691337615587332096,https://x.com/robinmonotti,"Energy demand can be met efficiently and equitably with low-carbon energy as renewables become more affordable.

Full insights from UNEP's 2023 #EmissionsGap Report: https://unep.org/resources/emissions-gap-report-2023‚Ä¶",15-Aug-23,2023-08-15T06:34:45.000Z
Robin Monotti,@robinmonotti,"https://pbs.twimg.com/media/F5iLwwcXIAAe64C?format=jpg&name=900x900, https://pbs.twimg.com/media/F5iLwwcXIAAe64C?format=jpg&name=900x900",10K,21K,501,2.5M,https://x.com/robinmonotti/status/1700262536921088462,https://x.com/robinmonotti,"Our recent discussion* on India's position as the world's third-largest emitter of greenhouse gases (GHGs) sparked a valuable discussion within our community. Concerns were raised about per-capita emissions and historical emissions of developed countries, and how India's path to",09-Aug-23,2023-09-08T21:39:12.000Z
Prof. Katharine Hayhoe,@KHayhoe,"https://pbs.twimg.com/media/GQ7mX10WAAAs7L8?format=jpg&name=small, https://pbs.twimg.com/media/GQ7mX10WAAAs7L8?format=jpg&name=small",111,221,17,16K,https://x.com/KHayhoe/status/1805633891161567586,https://x.com/KHayhoe,"To create a detailed simulation envisioning a scenario where the Unified Global Governance (UGG) system is fully implemented, I‚Äôll simulate metrics, values, percentages, and ratios across various categories such as governance, societal well-being, environmental sustainability,",25-Jun-24,2024-06-25T16:07:21.000Z
UN Climate Change,@UNFCCC,"https://pbs.twimg.com/media/D6nwn3cXoAAX1U4.jpg, https://pbs.twimg.com/media/D6nwn3cXoAAX1U4.jpg, https://pbs.twimg.com/media/D6nwn3cXoAAX1U4.jpg",243,227,9,11K,https://x.com/UNFCCC/status/1130080661753147392,https://x.com/UNFCCC,"The Sustainable Development Goals (SDGs) remind us of this responsibility. Goals such as SDG 6 (Clean Water and Sanitation), SDG 13 (Climate Action), and SDG 15 (Life on Land) urge us to protect our natural resources and ecosystems. ‚Å∏/¬π‚Åµ",19-May-19,2019-05-19T12:00:00.000Z
ATC Spaces,@ATC_SPACES,"https://pbs.twimg.com/media/GXbFTnfbwAAZilg?format=jpg&name=small, https://pbs.twimg.com/media/GXbFTnfbwAAZilg?format=jpg&name=small",6,48,57,1.7K,https://x.com/ATC_SPACES/status/1834870848572080431,https://x.com/ATC_SPACES,"Climate change presents bureaucrats and political opportunists a Goldilocks issue to use the scientific community to rally overwhelming support from the general public to pass legislation that places restrictions on our daily activities and consumption habits, ultimately setting",14-Sep-24,2024-09-14T08:24:35.000Z
we the people (#wtpBLUE),@wtpBLUE,"https://pbs.twimg.com/media/Fxk-8XUWcAADpye?format=png&name=small, https://pbs.twimg.com/media/Fxk-8XUWcAADpye?format=png&name=small",255,262,23,7.4K,https://x.com/wtpBLUE/status/1664430844897816576,https://x.com/wtpBLUE,"An approach that contributes to mitigating / solving climate change is to do an environmental & social impact assessment, both at strategic and project levels to make sure that environmental / ecological / biodiversity and social interests are fully taken into account when",06-Feb-23,2023-06-02T00:36:51.000Z
Dr. Jill Stein,@DrJillStein,"https://pbs.twimg.com/media/GLzlPgQXwAACj0Z?format=jpg&name=small, https://pbs.twimg.com/media/GLzlPgQXwAACj0Z?format=jpg&name=small",169,328,27,9.8K,https://x.com/DrJillStein/status/1782552160883949639,https://x.com/DrJillStein,"From Kenya to Brazil to Afghanistan 
floods are killing hundreds and many missing 
Warmer air can  hold around 7% more moisture for every 1C of temperature rise and we are already 1.5 C above pre industrial levels
This only gets worse and much worse every year",22-Apr-23,2024-04-22T23:28:48.000Z
Florence Micoud,@GreenFlorence,"https://pbs.twimg.com/ext_tw_video_thumb/1828726471466024960/pu/img/XwXSk09RgvFxXJKV.jpg, https://pbs.twimg.com/ext_tw_video_thumb/1828726471466024960/pu/img/XwXSk09RgvFxXJKV.jpg, https://pbs.twimg.com/ext_tw_video_thumb/1828726471466024960/pu/img/XwXSk09RgvFxXJKV.jpg",142,300,18,62,https://x.com/GreenFlorence/status/1833746412364042535,https://x.com/GreenFlorence,"Comprehensive Emissions Reduction
 

Reducing greenhouse gas emissions requires a clear focus on all areas of impact. 

Scope 1 emissions cover direct emissions from company-owned or controlled sources, such as facilities and vehicles. Scope 2 includes indirect emissions from",09-Nov-24,2024-09-11T05:56:28.000Z
Vanessa Nakate,@vanessa_vash,https://pbs.twimg.com/media/GVU0BDYXQAAEd7Z?format=jpg&name=small,115,315,7,9.2K,https://x.com/vanessa_vash/status/1825422426584281472,https://x.com/vanessa_vash,"Renewable energy penetration is increasing rapidly, but energy use is offsetting it
Unless people in human society reduce their energy use, the rapid progress of global warming will not be able to be controlled.
People in human society still have a weak sense of crisis, are",19-Aug-24,2024-08-19T06:39:55.000Z
EnergyBoom,@EnergyBoom,"https://pbs.twimg.com/ext_tw_video_thumb/1252895132996829184/pu/img/JUal_3ZNY9RsMB9r.jpg, https://pbs.twimg.com/ext_tw_video_thumb/1252895132996829184/pu/img/JUal_3ZNY9RsMB9r.jpg, https://pbs.twimg.com/ext_tw_video_thumb/1252895132996829184/pu/img/JUal_3ZNY9RsMB9r.jpg",314,5.1K,8,58K,https://x.com/EnergyBoom/status/1252895669221761025,https://x.com/EnergyBoom,"ESS
-Environmental perspectives
-Historical of Environmental movement
-System diagrams, input, output, storage, flows, transfers and transformations
-Feedback loop
-Ecosystem equilibrium
-Tipping point, resilience and models
-Sustainability and its pillars",22-Apr-20,2020-04-22T09:42:59.000Z
UN Environment Programme,@UNEP,"https://pbs.twimg.com/media/F_wTH_MXMAAIkHL?format=jpg&name=small, https://pbs.twimg.com/media/F_wTH_MXMAAIkHL?format=jpg&name=small",119,220,42,18K,https://x.com/UNEP/status/1728277388495110424,https://x.com/UNEP,"To limit warming to 1.5¬∞C, countries must aim for:

 A near total phase-out of coal production & use by 2040
 At minimum, a combined reduction in oil & gas production & use by 3/4 by 2050

More insights from the 2023 #ProductionGap Report: https://unep.org/news-and-stories/press-release/governments-plan-produce-double-fossil-fuels-2030-15degc-warming‚Ä¶",25-Nov-23,2023-11-25T05:00:13.000Z
Swaminathan Padmanabhan,@swaminathankp,,231,1.5K,43,224K,https://x.com/swaminathankp/status/1762069243972272570,https://x.com/swaminathankp,"Climate tipping points not expected until 2050 already happening
Amazon now emitting more CO2 than it absorbs
Methane release from frozen soil and ocean floor close to brink
Large chunk of Greenland ice close to collapse 
Gulf stream shut down much closer
Arctic summer ice soon G",26-Feb-24,2024-02-26T10:57:00.000Z
TheCrafteeKitty,@CrafteeThe,,175,1,1,11,https://x.com/CrafteeThe/status/1835050064508854414,https://x.com/CrafteeThe,"To avoid the worst impacts of #ClimateChange, investments are needed into alternative energy sources that are;
 clean
 accessible
 affordable
 sustainable and
 reliable.

5 reasons why renewable energy is a great alternative",14-Sep-24,2024-09-14T20:16:43.000Z
yussif,@carddy_1,,147,400,1,7,https://x.com/carddy_1/status/1834287882309189982,https://x.com/carddy_1,"The world is still well off-track to keep 1.5c alive. We need:

- more ambitious emissions reduction targets backed by sector plans

- rapid scale-up of renewables & agreement to phase out unabated fossil fuels

- a plan to deploy trillions in finance",09-Dec-24,2024-09-12T17:48:05.000Z
Chris Martz,@ChrisMartzWX,,119,434,54,12K,https://x.com/ChrisMartzWX/status/1783671681816375396,https://x.com/ChrisMartzWX,"What about fires, sea level rise, tipping point catastrophes? 

- Well-managed forests survive fires fine

- 0.6 m (2 ft) sea level rise over 100 years very manageable

- Wars, disease, asteroids are far, far greater threat

Links:",26-Apr-24,2024-04-26T01:37:22.000Z
Simone Filippini,@SimoneFilippini,,207,400,100,18,https://x.com/SimoneFilippini/status/1835149409664860500,https://x.com/SimoneFilippini,"It‚Äôs fossil fuels & factory farming & massive forest fires threatening life on earth We need a solar & green New Deal, with a Civilian Conservation Corps to prevent 4 million acres a year in forest fires & plant billion trees to capture carbon dioxide.https://portside.org/2018-10-09/fossil-fuels-are-threat-civilization-new-un-report-concludes‚Ä¶",15-Sep-24,2024-09-15T02:51:29.000Z
GO GREEN,@ECOWARRIORSS,"data:,",295,340,127,17K,https://x.com/ECOWARRIORSS/status/1789792546148762073,https://x.com/ECOWARRIORSS,"Future-proofing sustainable recovery and sustainable development is only possible when sound environmental responses, plans and policies are given the importance they deserve. 

 #GlobalGoals that will be vital for a truly sustainable recovery

https://unenvironment.org/news-and-stories/story/covid-19-four-sustainable-development-goals-help-future-proof-global‚Ä¶",05-Dec-24,2024-05-12T22:59:30.000Z
"Monari, Peter Joseph Ph.D",@MonariPeterJ,https://pbs.twimg.com/media/GXRynTnXkAA8udb?format=png&name=small,196,200,130,19,https://x.com/MonariPeterJ/status/1834217125377913032,https://x.com/MonariPeterJ,"The climate crisis is a threat to sustainable development. 
 
CO2 concentration,
temperatures,
ocean acidification & heat,
sea-level rise, all have inter-connected impacts on the #GlobalGoals. 

More in new @WMO report: https://bit.ly/3AAWJ04",09-Dec-24,2024-09-12T13:06:55.000Z
Muskan,@Muskan_nnn,,207.5,111,115,781,https://x.com/Muskan_nnn/status/1833140888983503065,https://x.com/Muskan_nnn,"Unless We Cut Emissions, Ice Sheets, Forests and Ocean Currents Are Headed for Catastrophe

Hundreds  of scientists warn that the world must rapidly phase out planet-warming  emissions to avoid crossing dangerous climate ‚Äútipping points",09-Sep-24,2024-09-09T13:50:20.000Z
one earth(minoru .T),@EarthKikashi,,168.5,145.5,57,38,https://x.com/EarthKikashi/status/1832714519174582341,https://x.com/EarthKikashi,"Like the vast majority of people, I care about nature conservation and protecting ecosystems. But I have no time for cover-ups of pollution while counterproductive net zero solutions are enforced by private jet flying leaders for corporate or political agendas.

It is also",09-Aug-24,2024-09-08T09:36:06.000Z
Natsu,@tsuna_jj,,281.25,174,1,34,https://x.com/tsuna_jj/status/1833897413754675343,https://x.com/tsuna_jj,A goal of slashing GHG emissions to levels that the UN claims are necessary to limit warming to 1.5¬∞C means depriving billions of energy‚Äîbecause fossil fuels are by far the lowest-cost source of reliable energy for most of the world. Unreliable solar and wind can‚Äôt come close.,09-Nov-24,2024-09-11T15:56:30.000Z
UN Environment Programme,@UNEP,,185,324,74,78K,https://x.com/UNEP/status/1722177090928189894,https://x.com/UNEP,Yes I agree to all  of this. But we also require big changes to systems such as fossil free energy. 'Carbon footprint' was a concept created by the fossil fuels industries to put responsibilities on the shoulders of the individual.,11-Aug-23,2023-11-08T08:59:49.000Z
GO GREEN,@ECOWARRIORSS,,120,192,14,842,https://x.com/ECOWARRIORSS/status/1423648004473556995,https://x.com/ECOWARRIORSS,"We broke down the six measures that comprise the so-called ""Ecological Footprint"" and found that five of the six, including food and forestry, were either in balance or surplus. The only thing ""out of balance"" was humankind's carbon emissions.",08-Jun-21,2021-08-06T14:11:49.000Z
UN Environment Programme,@UNEP,,141,302,39,27K,https://x.com/UNEP/status/1610984606391586816,https://x.com/UNEP,"‚ÄúAchieving net zero CO2 and greenhouse gas emissions requires systems transformations across all sectors and contexts, including scaling up renewable energy while phasing out all unabated fossil fuels, ending deforestation, reducing non-CO2 emissions and implementing both supply",01-May-23,2023-01-05T13:00:35.000Z
Rt Hon Lord Alok Sharma,@AlokSharma_RDG,,355,791,275,73K,https://x.com/AlokSharma_RDG/status/1700185037684002943,https://x.com/AlokSharma_RDG,"Healthy ecosystems play a crucial role in preventing environmental disasters & mitigate #climatechange as well as reducing their harmful impacts.

Nations call for increased investments in ecosystem-based solutions for disaster prevention
#GP2019Geneva",09-Aug-23,2023-09-08T16:31:15.000Z
Michael Shellenberger,@shellenberger,"https://pbs.twimg.com/media/EoCbAqmVcAExBis?format=jpg&name=360x360, https://pbs.twimg.com/media/EoCbAqmVcAExBis?format=jpg&name=360x360",39,222,5,12K,https://x.com/shellenberger/status/1344020210416668672,https://x.com/shellenberger,"No, we need to make a faster than expected transition to renewables, stop all deforestation, work hard to store carbon in soils and oceans, stop and reverse the rise in methane and other GHG emissions, and focus our civilisation on public good rather than blind GDP growth.",30-Dec-20,2020-12-29T20:39:23.000Z
Tim Canova,@Tim_Canova,,103,172,5,29K,https://x.com/Tim_Canova/status/1050232598889472000,https://x.com/Tim_Canova,"Repairing damaged ecosystems and cutting greenhouse gas emissions dramatically and immediately would spare billions of people from illness, poverty, displacement and death, a major new U.N. report finds.
https://n.pr/3pofpwE",10-Nov-18,2018-10-11T03:52:18.000Z
UN Environment Programme,@UNEP,,92,244,8,3.9K,https://x.com/UNEP/status/1269549980697706496,https://x.com/UNEP,"When it comes to fossil fuels, we must recognize that transitioning to renewable energy is important, but it needs to be done in a way that ensures energy reliability and affordability. Renewables like wind and solar are promising, but they still face challenges with storage and",06-Jul-20,2020-06-07T08:41:17.000Z
United Nations,@UN,https://pbs.twimg.com/media/E_6K7ipVIAIQsf-?format=jpg&name=small,99,312,23,7.2K,https://x.com/UN/status/1440741694157119498,https://x.com/UN,"You're taking things backward and analyzing them based on the results instead of taking them at the source and adapting them to your models. You look at the consequences without changing their cause.
Everyone is vulnerable to drought or weather extremes; the evolution of",22-Sep-21,2021-09-22T18:16:02.000Z
GO GREEN,@ECOWARRIORSS,,144,234,237,46K,https://x.com/ECOWARRIORSS/status/1732550082006860218,https://x.com/ECOWARRIORSS,"A clear overview by @CarbonBrief, if you don't want to read the IPCC original. 
Key point is that global emissions must drop immediately and rapidly if we want to prevent a climate disaster - by about half by 2030 for scenarios limiting warming to 1.5C.",12-Jul-23,2023-12-06T23:58:23.000Z
Akritii,@1_Akriti_,,2,58,65,408,https://x.com/1_Akriti_/status/1835015338053820900,https://x.com/1_Akriti_,"Climate-related disasters have profound economic consequences, they lead to serious security challenges & undermine the #GlobalGoals. See how @UNDP is helping countries strengthen their climate change resilience.",14-Sep-24,2024-09-14T17:58:44.000Z
James Melville,@JamesMelville,,76,197,13,7.8K,https://x.com/JamesMelville/status/1801147090300514433,https://x.com/JamesMelville,"3/To reduce the frequency of extreme weather shocks like Cyclones,bold acceleration towards more sustainable methods of generating energy,manufacturing goods, transportation,urban development, & farming need to be taken by all countries. Net zero emissions by 2050 is the target.",13-Jun-24,2024-06-13T06:58:24.000Z
Alex Epstein,@AlexEpstein,,31,180,5,238,https://x.com/AlexEpstein/status/1455863591605731334,https://x.com/AlexEpstein,"In the last 20 years, energy consumption has increased by 85% and is responsible for about 25% of greenhouse gas emissions. In Southeast Asia, where demand is expected to double by 2040, solar projects are highly necessary.
https://cnb.cx/2yJW3eo

Created for @Total #ad",11-Mar-21,2021-11-03T11:45:03.000Z
Teach Cartel,@TeahCartel,,2,7,1,255,https://x.com/TeahCartel/status/1832985292141183481,https://x.com/TeahCartel,HI JUST SO YALL KNOW the UN said we need to cut our carbon dioxide emissions to half the levels of 2010 BY 2030 or we face severe IRREVERSIBLE effects of climate change. more extreme natural disasters. longer droughts. crop failure. famine. this is real. do what u can to help.,01-Sep-24,2024-09-09T03:32:03.000Z
Unto This Last,@UntoThislast2,,91,19,6,21,https://x.com/UntoThislast2/status/1834152123623145585,https://x.com/UntoThislast2,"By 2030, the world will require 
40% more water
50% more food
40% more energy
40% more timber & fibre. 
The only way we can meet these demands is by managing our ecosystems smartly & sustainably. http://bit.ly/2Nj4W0D",01-Sep-24,2024-09-12T08:48:37.000Z
Michael Shellenberger,@shellenberger,,180,1.3K,19,91K,https://x.com/shellenberger/status/1610056892935737350,https://x.com/shellenberger,"By switching to sustainable alternatives we can SAVE $26 trillion by 2030. Investing in sustainable energy is the only sensible thing to do for our economy AND more importantly, our planet.",01-Mar-23,2023-01-02T23:34:11.000Z
Mark Ruffalo,@MarkRuffalo,,202,1.2K,293,226K,https://x.com/MarkRuffalo/status/1700510230113595618,https://x.com/MarkRuffalo,"The economic cost of natural disasters worldwide is some $520 billion. 
The need to encourage & invest in environmentally sound technologies to promote climate resilience is clear. #climatechange #ResilienceForAll @unisdr https://unenvironment.org/news-and-stories/story/how-countries-can-trade-their-way-climate-resilience‚Ä¶",09-Sep-23,2023-09-09T14:03:27.000Z
UN Environment Programme,@UNEP,,163,313,5,586,https://x.com/UNEP/status/1129600279186427909,https://x.com/UNEP,,18-May-19,2019-05-18T04:11:08.000Z
IISD Energy,@IISD_Energy,"https://pbs.twimg.com/ext_tw_video_thumb/1176153126086332416/pu/img/fGAQTkMOBOMYL7u9.jpg, https://pbs.twimg.com/ext_tw_video_thumb/1176153126086332416/pu/img/fGAQTkMOBOMYL7u9.jpg, https://pbs.twimg.com/ext_tw_video_thumb/1176153126086332416/pu/img/fGAQTkMOBOMYL7u9.jpg",39,556,1,756,https://x.com/IISD_Energy/status/1176153510972444672,https://x.com/IISD_Energy,The world is facing a #ClimateEmergency but ìitís a battle we can winî says UN Secretary-General @antonioguterres. Hereís what we should do according to #UNSG  #stopfossilsubsidies #ClimateAction Learn more http://bit.ly/2kA2jhL,23-Sep-19,2019-09-23T15:17:03.000Z
UN Climate Change,@UNFCCC,"https://pbs.twimg.com/ext_tw_video_thumb/1106545530933518336/pu/img/5uDr2D-pXAEDzea8.jpg, https://pbs.twimg.com/ext_tw_video_thumb/1106545530933518336/pu/img/5uDr2D-pXAEDzea8.jpg, https://pbs.twimg.com/ext_tw_video_thumb/1106545530933518336/pu/img/5uDr2D-pXAEDzea8.jpg",748,817,27,1000,https://x.com/UNFCCC/status/1107318174024904704,https://x.com/UNFCCC,The @UN warns that ecological damage to the planet is so dire that millions of lives will soon be at risk unless urgent action is takenhttps://bit.ly/2TQcZbs  Green investment to the tune of 2 % of countriesí GDP would deliver long-term and #sustainable economic growth. #GEO6,17-Mar-19,2019-03-17T16:30:00.000Z
UN Development,@UNDP,"https://pbs.twimg.com/media/EFa2bMDWkAk0V6H.jpg, https://pbs.twimg.com/media/EFa2bMDWkAk0V6H.jpg, https://pbs.twimg.com/media/EFa2bMDWkAk0V6H.jpg",95,177,11,277,https://x.com/UNDP/status/1315925249142251520,https://x.com/UNDP,"Rising seas.
More frequent floods, storms, & landslides.
Escalating heatwaves & droughts.
Acidifying oceans and coral bleaching.

Millions of lives are at stake. See how we work with 
@theGCF & @theGEF to  disaster risks: https://bit.ly/2SKyngl

#DRRDay #ClimatePromise",13-Oct-20,2020-10-13T08:00:02.000Z
UN Environment Programme,@UNEP,"https://pbs.twimg.com/media/EiwJ75sXcAAukSi?format=jpg&name=small, https://pbs.twimg.com/media/EiwJ75sXcAAukSi?format=jpg&name=small",104,179,5,279,https://x.com/UNEP/status/1309432518693842947,https://x.com/UNEP,"3 crises we face --

The climate crisis
The nature crisis
The pollution & waste crisis 

--have been underway for decades. 

Caused by our unsustainable consumption and production. 

How to make a difference? Multilateralism to #BuildBackGreener.

https://unenvironment.org/news-and-stories/speech/multilateral-action-green-post-covid-19-recoveryÖ",25-Sep-20,2020-09-25T10:00:15.000Z
United Nations,@UN,https://pbs.twimg.com/media/EGnzToOWwAAmwIw.jpg,250,579,42,700,https://x.com/UN/status/1183413334294577152,https://x.com/UN,"""Disasters inflict horrendous suffering & can wipe out decades of development gains in an instant.""

-- @antonioguterres calls for investment in climate resilience to prepare for climate-related disasters on International Day for Disaster Risk Reduction: https://bit.ly/2MyHXPI",13-Oct-19,2019-10-13T16:05:00.000Z
UN Climate Change,@UNFCCC,"https://pbs.twimg.com/media/EXLxE-7XsAY9MTv?format=jpg&name=small, https://pbs.twimg.com/media/EXLxE-7XsAY9MTv?format=jpg&name=small",236,331,15,500,https://x.com/UNFCCC/status/1257333025035124738,https://x.com/UNFCCC,"As the economic fallout from #COVID19 prompts governments to spend trillions of dollars on recovery packages, demands are growing worldwide to ""recover better"" by investing in low-carbon.

Good news: Leading countries are investing in a green recovery >> https://bit.ly/RecoverBet",04-May-20,2020-05-04T15:35:27.000Z
UN Environment Programme,@UNEP,https://pbs.twimg.com/amplify_video_thumb/1291718982014246915/img/lGfOsKr6NtgBg3Dl.jpg,133,238,7,438,https://x.com/UNEP/status/1292415325833703424,https://x.com/UNEP,"Why #InvestInNature?

flood protection
clean water provision
soil conservation 
carbon sequestration 

Op-Ed by @theGEF outgoing CEO @NaokoIshiiTokyo & incoming CEO @cmrodrigueze on why investing in #nature makes more sense than ever:
https://telegraph.co.uk/business/how-to-be-green/why-invest-in-nature/Ö 
#ForNature",09-Aug-20,2020-08-09T11:00:00.000Z
UN Environment Programme,@UNEP,https://pbs.twimg.com/media/F7NaqJQWsAAQAzl?format=jpg&name=small,152,256,17,19K,https://x.com/UNEP/status/1708195506973737246,https://x.com/UNEP,"Ecosystem degradation does not affect everyone equally. Women and girls, marginalised and impoverished communities are often the hardest hit.

#GenerationRestoration efforts help those affected build resilience and adapt to a changing environment. https://bit.ly/3KZAUOu",01-Oct-23,2023-09-30T19:02:00.000Z
UN Environment Programme,@UNEP,,64,179,4,300,https://x.com/UNEP/status/1329696027197251587,https://x.com/UNEP,"countries have made commitments to restoring up to 1 billion hectares of land lost to development.

Implementation of these commitments will address
#ClimateChange
Land degradation
Biodiversity loss
Achieving the SDGs
#GenerationRestoration",20-Nov-20,2020-11-20T08:00:12.000Z
Pathfinders,@SDG16Plus,"https://pbs.twimg.com/media/GXClOC6WgAAInYt?format=jpg&name=small, https://pbs.twimg.com/media/GXClOC6WgAAInYt?format=jpg&name=small",,1,0,75,https://x.com/SDG16Plus/status/1833146712623321315,https://x.com/SDG16Plus,"How can we advance Sustainable Development Goals 13 (climate action) and 16 (peaceful, just, and #inclusive institutions)?

 Develop locally-led adaptation efforts.
 Support legal empowerment and community organizing.
 Utilize strategic litigation to shape climate",Sep-09,2024-09-09T14:13:29.000Z
UN Environment Programme,@UNEP,,92,244,8,400,https://x.com/UNEP/status/1269549980697706496,https://x.com/UNEP,"Future-proofing sustainable recovery and sustainable development is only possible when sound environmental responses, plans and policies are given the importance they deserve. 

 #GlobalGoals that will be vital for a truly sustainable recovery

https://unenvironment.org/news-and-stories/story/covid-19-four-sustainable-development-goals-help-future-proof-globalÖ",07-Jun-20,2020-06-07T08:41:17.000Z
santhosh reddy,@santhosh_reddy2,,0,5,1,13,https://x.com/santhosh_reddy2/status/1833505390803259743,https://x.com/santhosh_reddy2,"As part of CLIMATE ACTION SDG goal, UN wants to classify most of the lands in all countries as ECOLOGICAL PRESERVANCE (BIODIVERSITY) SITES/PARKS. In those lands people are not allowed to live and not allowed to extract resources(729/N)",Sep-10,2024-09-10T13:58:44.000Z
UNCS News,@UNClimateSummit,"https://pbs.twimg.com/media/EeFmFzsXgAAQqoJ?format=jpg&name=small, https://pbs.twimg.com/media/EeFmFzsXgAAQqoJ?format=jpg&name=small",35,582,23,782,https://x.com/UNClimateSummit/status/1288423225513345034,https://x.com/UNClimateSummit,"As the health and human toll continues to grow, the world has already been experiencing a massive economic shock. What is planning to be done to deal with it?
Check the link to see where public funds will be pumped through the recovery packages. 
https://unclimatesummit.org/what-will-governments-do-for-economic-recovery-hd/Ö","Jul 29, 2020",2020-07-29T10:36:49.000Z
UN Environment Programme,@UNEP,https://pbs.twimg.com/ext_tw_video_thumb/1800664378271780864/pu/img/v4JHtbcg91f-Yg9e.jpg,310,424,21,18K,https://x.com/UNEP/status/1800665576261444073,https://x.com/UNEP,"There is a major gap in forest protection, management and restoration in current national climate action plans.

Full @UNREDD report released at #JuneClimateMeetings: https://unep.org/resources/report/raising-ambition-accelerating-action-towards-enhanced-nationally-determinedÖ",Jun-12,2024-06-11T23:05:02.000Z
UN Environment Programme,@UNEP,https://pbs.twimg.com/amplify_video_thumb/1299420631226896392/img/O_9e5nl7b4cre9xh.jpg,203,387,17,543,https://x.com/UNEP/status/1300299967840555008,https://x.com/UNEP,"actions to #BuildBackBetter from @antonioguterres

Invest in green jobs.
†
Do not bail out polluting industries.
†
End fossil-fuel subsidies.
†
Take climate risks into account in all financial & policy decisions.
†
Work together.
†
Leave no one behind.","Aug 31, 2020",2020-08-31T05:10:45.000Z
UNDRR,@UNDRR,"https://pbs.twimg.com/media/Fxk2yodWAAElHuM?format=jpg&name=small, https://pbs.twimg.com/media/Fxk2yodWAAElHuM?format=jpg&name=small",70,180,22,15K,https://x.com/UNDRR/status/1664421782609096705,https://x.com/UNDRR,"""We must [be able to] anticipate storms, heatwaves, floods & drought."" @antonioguterres, Secretary-General of the @UN calls for equal investment in adaptation & resilience.

Read the @UN flagship report on #DisasterRiskReduction http://bit.ly/GAR2022Report

#StopTheSpiral","Jun 2, 2023",2023-06-02T00:00:51.000Z
yussif,@carddy_1,,0,3,1,10,https://x.com/carddy_1/status/1834287882309189982,https://x.com/carddy_1,"The Sustainable Development Goals (SDGs) remind us of this responsibility. Goals such as SDG 6 (Clean Water and Sanitation), SDG 13 (Climate Action), and SDG 15 (Life on Land) urge us to protect our natural resources and ecosystems. ?/π?",Sep-12,2024-09-12T17:48:05.000Z
UN Biodiversity,@UNBiodiversity,"https://pbs.twimg.com/media/F6emGWQWsAAAfZ2?format=png&name=small, https://pbs.twimg.com/media/F6emGWQWsAAAfZ2?format=png&name=small",1.3K,1.2K,74,30K,https://x.com/UNBiodiversity/status/1706050879693234691,https://x.com/UNBiodiversity,"Unsustainable patterns of consumption & production are root causes of triple planetary crises of: 
- Climate change 
- Biodiversity & nature loss 
- Pollution & waste

Learn more: https://sdgs.un.org/goals/goal12 
#GlobalGoals

@UN @SDG2030 @UNEP_AsiaPac","Sep 25, 2023",2023-09-24T21:00:01.000Z
UN Environment Programme,@UNEP,,100,184,4,342,https://x.com/UNEP/status/1396375478991269892,https://x.com/UNEP,"Did you know, that... 
 Restoration & other natural solutions can deliver 1/3 of the mitigation needed by 2030 to keep global warming below 2C?
 Restoring 15% of converted lands in the right places could prevent 60% of projected species extinctions?","May 23, 2021",2021-05-23T08:00:32.000Z
Zali Steggall MP,@zalisteggall,,152,582,61,734,https://x.com/zalisteggall/status/1499260196111077378,https://x.com/zalisteggall,"From one disaster to the next, these are not 1 in 100 yrs events.@IPCC_CH is warning bushfires & floods will keep getting worse & more frequent unless we slow global warming & reduce emissions fast. We need 60% by 2030.#climate #auspol https://reneweconomy.com.au/zali-steggall-outlines-plan-for-net-zero-says-current-disasters-just-tip-of-the-iceberg/Ö via @renew_economy","Mar 3, 2022",2022-03-03T05:47:40.000Z
United Nations,@UN,"https://pbs.twimg.com/media/EwISlJcWYAEoVdg?format=png&name=small, https://pbs.twimg.com/media/EwISlJcWYAEoVdg?format=png&name=small",164,455,61,666,https://x.com/UN/status/1369679690550575104,https://x.com/UN,"Green energy
 Green transport
 Green buildings
 Green research & development
 Natural capital

These policy areas can deliver the economic returns needed for a strong #COVID19 recovery while addressing environmental & social concerns. http://bit.ly/3rz4Kyl via @UNEP","Mar 10, 2021",2021-03-10T16:01:00.000Z
UN Environment Programme,@UNEP,"https://pbs.twimg.com/media/EB_vYgxXoAAGwMo?format=jpg&name=small, https://pbs.twimg.com/media/EB_vYgxXoAAGwMo?format=jpg&name=small",382,431,5,534,https://x.com/UNEP/status/1161910435135787008,https://x.com/UNEP,"During the past 20 years, over 90% of disasters were climate-related. 

We must invest in #ClimateResilience to achieve the #GlobalGoals.","Aug 15, 2019",2019-08-15T08:00:09.000Z
UN Environment Programme,@UNEP,https://pbs.twimg.com/media/EE9pBuaX4AAtBIr?format=jpg&name=small,149,253,9,423,https://x.com/UNEP/status/1175273508554858496,https://x.com/UNEP,"To combat #climatechange we must harness the power of nature. 

Example
Restoring mangrove forests that protect from sea-level rise and storm surges is 2 to 5 times cheaper than building engineered structures. http://bit.ly/2Ar25h1

#AdaptOurWorld #ClimateAction","Sep 21, 2019",2019-09-21T05:00:14.000Z
UN Environment Programme,@UNEP,,141,254,18,30K,https://x.com/UNEP/status/1714566998363869217,https://x.com/UNEP,"Some $3.8 trillion worth of crops and livestock production has been lost due to disasters over the last 30 years.

@FAOís new report explores strategies for investing in resilience and building a more sustainable food system.","Oct 18, 2023",2023-10-18T09:00:02.000Z
UN Environment Programme,@UNEP,,95,179,13,253,https://x.com/UNEP/status/1297443491925102592,https://x.com/UNEP,"""If we look at the numbers, investing in a green recovery is the only thing that makes economic sense.""

Read @andersen_inger's remarks to Environment Ministers in the @UNEP_WestAsia region 
#COVID19 #BuildBackGreener","Aug 23, 2020",2020-08-23T08:00:08.000Z
The Weather Channel India,@weatherindia,,133,210,16,342,https://x.com/weatherindia/status/1106480248613490688,https://x.com/weatherindia,"At present, the world is not on track to meet the @UN sustainable development goals (SDGs) by 2030 or 2050, it said, ìUrgent action is required now, as any delay in #ClimateAction increases the cost of achieving the goals of the #ParisAgreement.î

#UNEA4","Mar 15, 2019",2019-03-15T09:00:23.000Z
United Nations,@UN,"https://pbs.twimg.com/media/E4CB9pXUYAEYbYb?format=jpg&name=small, https://pbs.twimg.com/media/E4CB9pXUYAEYbYb?format=jpg&name=small",101,241,15,324,https://x.com/UN/status/1405467253894651904,https://x.com/UN,"Extreme weather events have almost doubled in the last 20 years compared to the previous 20 years. 

Restoring degraded land can help reduce the impacts of drought, floods & storms. More on Thursdayís #DesertificationAndDroughtDay from @UNCCD: https://unccd.int/actions17-june-desertification-and-drought-day/2021-desertification-and-drought-dayÖ","Jun 17, 2021",2021-06-17T10:08:00.000Z
santhosh reddy,@santhosh_reddy2,,0,1,1,5,https://x.com/santhosh_reddy2/status/1833492709283144009,https://x.com/santhosh_reddy2,"17 SUSTAINABLE DEVELOPMENT GOALS of UN, of which we seen about Poverty eradication through wealth distribution, by taxing ordinary common people more, that benefits only these FEW BIG people and their mafia corporations. CLIMATE ACTION is also one of the SDG goals(717/N)",Sep-10,2024-09-10T13:08:21.000Z
UN Environment Programme,@UNEP,,84,187,3,213,https://x.com/UNEP/status/1200318465619451904,https://x.com/UNEP,"The @UN Decade on Ecosystem Restoration is almost here. How should we go forward about it?

Landscapes do not exist in isolation. Because people are central to land degradation, we also need to put people at the center of recovery & healing.","Nov 29, 2019",2019-11-29T07:39:57.000Z
UN Environment Programme,@UNEP,,114,203,5,245,https://x.com/UNEP/status/1168025706149765121,https://x.com/UNEP,"Disasters  threaten sustainable development as extreme weather is increasing. Advanced warning systems & preparation can reduce their impacts. 

""We must work to prevent disaster from happening in the first place.î - @antonioguterres","Sep 1, 2019",2019-09-01T05:00:03.000Z
UN Environment Programme,@UNEP,,108,227,10,342,https://x.com/UNEP/status/1566063469912276995,https://x.com/UNEP,"According to a recent @UN risk report, disasters occurring in completely different parts of the world share the same causes from GHG emissions to unsustainable consumption.

The solutions to preventing or managing such disasters are also closely linked","Sep 3, 2022",2022-09-03T14:00:01.000Z
United Nations,@UN,,55,223,44,322,https://x.com/UN/status/1370918855888007171,https://x.com/UN,"A year into the #COVID19 pandemic, more must be done to build back greener.

Recovery spending has fallen short, with only 18% of nationsí announced recovery spending commitments considered ëgreen.í via @UNEP","Mar 14, 2021",2021-03-14T02:05:00.000Z
Waleed Shahid,@_waleedshahid,,116,173,2,256,https://x.com/_waleedshahid/status/1105789687669637120,https://x.com/_waleedshahid,"United Nations bombshell, 700 page report: ìMeeting targets related to climate change, air pollution reduction and sustainable energy are feasible -- but only if the necessary measures are taken rapidly and on a global scale.î 

https://cnn.com/2019/03/13/health/un-global-environment-outlook-report/index.htmlÖ","Mar 13, 2019",2019-03-13T11:16:20.000Z
United Nations,@UN,,92,199,11,299,https://x.com/UN/status/1491291521781542915,https://x.com/UN,"From mangroves shielding coastlines to peatlands locking up carbon, ecosystems are vital for our environment.

@UNEP report finds that half of the worldís GDP is dependent on nature & every $1 invested in restoration creates up to $30 in economic benefits.","Feb 9, 2022",2022-02-09T06:03:00.000Z
James E. Clyburn,@RepJamesClyburn,,87,221,20,377,https://x.com/RepJamesClyburn/status/1433524376524230657,https://x.com/RepJamesClyburn,"Climate change has caused a 5-fold increase in natural disasters & a 7-fold increase in the recovery costs over the last 50 years. https://news.un.org/en/story/2021/09/1098662Ö 
 
Congress must pass the Build Back Better plan to help reverse these devastating trends.","Sep 3, 2021",2021-09-02T20:16:59.000Z
Intriguing and unexpected content!,@WriteEditPJ,,0,1,0,15,https://x.com/WriteEditPJ/status/1833432560661049557,https://x.com/WriteEditPJ,"The United Nations (UN): 
""90 per cent of disasters are now classed as weather- and climate-related, costing the world economy 520 billion USD each year, while 26 million people are pushed into poverty as a result.""",Sep-10,2024-09-10T09:09:20.000Z
